Borough,solska_cona,rdeca_luc,nalepka,listek,prepoved_park,ciscenje
Bronx,0.333333333,0.157894737,0.142986941,0.099110299,0.00043396,0.155860446
Staten Island,0,0.052631579,0.057596876,0.010377843,1.15723E-05,0.000125516
Brooklyn,0,0.052631579,0.274195076,0.210596408,0.003205518,0.393168387
Queens,0.333333333,0.263157895,0.341249021,0.241740587,0.026917091,0.232176376
Manhattan,0.333333333,0.473684211,0.183972085,0.438174863,0.96943186,0.218669275
