Borough,solska_cona,rdeca_luc,nalepka,listek,prepoved_park,ciscenje
Bronx,0,0.142857143,0.142649799,0.093841272,0.000129655,0.156737098
Staten Island,0,0.142857143,0.056326742,0.011632318,4.12539E-05,8.19014E-05
Brooklyn,0,0,0.265876823,0.229210682,0.000430219,0.401940632
Queens,0,0.142857143,0.345937105,0.243560534,0.031847997,0.231011809
Manhattan,0,0.571428571,0.189209531,0.421755194,0.967550875,0.21022856
