Borough,solska_cona,rdeca_luc,nalepka,listek,prepoved_park,ciscenje
Bronx,0.146240332,0.085856595,0.154314715,0.092507552,0.000100745,0.15765816
Staten Island,0.051031338,0.087146594,0.055841942,0.010994511,2.15882E-05,6.42326E-05
Brooklyn,0.445929518,0.386784678,0.272550884,0.23934452,0.00030943,0.413485953
Queens,0.323180949,0.388182177,0.331548085,0.240902173,0.033181017,0.229430834
Manhattan,0.033617863,0.052029957,0.185744375,0.416251244,0.96638722,0.19936082
