Borough,solska_cona,rdeca_luc,nalepka,listek,prepoved_park,ciscenje
Bronx,0.131912147,0.104261273,0.152997709,0.10454214,0.000102371,0.150411334
Staten Island,0.067365455,0.078773032,0.066199842,0.013764378,5.45978E-05,4.79211E-05
Brooklyn,0.454944046,0.346480892,0.290573307,0.239338449,0.000266164,0.434145848
Queens,0.320852141,0.411196855,0.309600312,0.248281561,0.036130107,0.224100264
Manhattan,0.024926211,0.059287948,0.18062883,0.394073472,0.96344676,0.191294632
